timestamp,query,llm_model,retrieved_papers,retrieval_scores,response_time_seconds,generation_error,final_answer
2026-05-28T09:00:03.513857,what is quantum computing,google/flan-t5-base,2605.15098v1.pdf; 2605.15098v1.pdf; 2605.15106v1.pdf; 2605.15098v1.pdf; 2605.15098v1.pdf,2605.15098v1.pdf p.0 faiss=0.7539 reranker=2.5794; 2605.15098v1.pdf p.8 faiss=0.9661 reranker=1.7519; 2605.15106v1.pdf p.0 faiss=0.9944 reranker=1.5333; 2605.15098v1.pdf p.8 faiss=1.0434 reranker=1.1081; 2605.15098v1.pdf p.0 faiss=0.8902 reranker=0.1809,9.3299,,"Quantum Circuit Simulation, State-Vector, In- tegrated GPU, Cache Locality, Multi-Vendor I. [Paper: 2605.15098v1.pdf, Page 0] [Paper: 2605.15098v1.pdf, Page 8] [Paper: 2605.15106v1.pdf, Page 0]"
2026-05-29T06:19:21.757929,What is Quantum Kernel Learning?,google/flan-t5-base,2605.15114v1.pdf; 2605.15106v1.pdf; 2605.15106v1.pdf; 2605.15114v1.pdf; 2605.15098v1.pdf,2605.15114v1.pdf p.20 faiss=1.2729 reranker=-3.7261; 2605.15106v1.pdf p.0 faiss=1.1765 reranker=-3.9595; 2605.15106v1.pdf p.1 faiss=1.2227 reranker=-5.1956; 2605.15114v1.pdf p.7 faiss=1.2812 reranker=-5.7365; 2605.15098v1.pdf p.0 faiss=1.3313 reranker=-5.7709,10.4175,,"are a key component of quantum information processing, they are a key part of the quantum machine learning process. [Paper: 2605.15114v1.pdf, Page 20] [Paper: 2605.15106v1.pdf, Page 0] [Paper: 2605.15106v1.pdf, Page 1] [Paper: 2605.15114v1.pdf, Page 7] [Paper: 2605.15098v1.pdf, Page 0]"
2026-05-29T06:23:14.013205,"""""""
You are an expert Quantum Machine Learning researcher.

You are writing answers for scientists and researchers.

Instructions:

1. Read all retrieved contexts carefully.
2. Combine information from multiple papers.
3. Do NOT copy sentences directly.
4. Explain concepts in your own words.
5. Include important technical details.
6. Mention advantages, limitations and applications when available.
7. If multiple papers provide different findings,
   summarize the differences.
8. Generate a detailed research-style answer.
9. Use citations where appropriate.
10. Answer should be 200-500 words.

Retrieved Research Context:

{context}

Question:

{query}

Detailed Research Answer:
""""""",google/flan-t5-base,2605.15156v1.pdf; 2605.15156v1.pdf; 2605.15156v1.pdf; 2605.15156v1.pdf; 2605.15156v1.pdf,2605.15156v1.pdf p.9 faiss=1.2351 reranker=-5.7103; 2605.15156v1.pdf p.0 faiss=1.1215 reranker=-5.8328; 2605.15156v1.pdf p.23 faiss=1.2298 reranker=-6.0869; 2605.15156v1.pdf p.5 faiss=1.2386 reranker=-6.1452; 2605.15156v1.pdf p.6 faiss=1.2190 reranker=-6.5523,19.0576,,"We introduced MEMO, a modular framework for integrating updated or domain-specific knowledge into LLMs via a MEMORYmodel trained on a synthesized reflection QA dataset. While MEMOdemonstrates strong performance, it --- [Paper: 2605.15156v1.pdf, Page 9] FAISS score: 1.2351; Reranker score: -5.7103 6 Conclusion We introduced MEMO, a modular Framework for integrating updated [Paper: 2605.15156v1.pdf, Page 0] [Paper: 2605.15156v1.pdf, Page 23] [Paper: 2605.15156v1.pdf, Page 5] [Paper: 2605.15156v1.pdf, Page 6]"
2026-05-29T06:56:22.007414,What is Quantum Kernel Learning?,google/flan-t5-base,2605.15114v1.pdf; 2605.15106v1.pdf; 2605.15106v1.pdf; 2605.15114v1.pdf; 2605.15098v1.pdf; 2605.15183v1.pdf; 2605.15106v1.pdf; 2605.15106v1.pdf; 2605.15098v1.pdf; 2605.15174v1.pdf,2605.15114v1.pdf p.20 faiss=1.2729 reranker=-3.7261; 2605.15106v1.pdf p.0 faiss=1.1765 reranker=-3.9595; 2605.15106v1.pdf p.1 faiss=1.2227 reranker=-5.1956; 2605.15114v1.pdf p.7 faiss=1.2812 reranker=-5.7365; 2605.15098v1.pdf p.0 faiss=1.3313 reranker=-5.7709; 2605.15183v1.pdf p.10 faiss=1.3261 reranker=-6.9793; 2605.15106v1.pdf p.0 faiss=1.2074 reranker=-7.4603; 2605.15106v1.pdf p.11 faiss=1.3314 reranker=-8.2964; 2605.15098v1.pdf p.0 faiss=1.2989 reranker=-8.5246; 2605.15174v1.pdf p.0 faiss=1.2990 reranker=-9.3468,35.2506,8265,,"The resulting system is a general framework for implementing a wide range of learning and certification protocols in the device-independent setting, thereby opening a scalable route to device-independent quantum information processing in large-scale quantum networks.
Source: 2605.15114v1.pdf (Page 20); 2605.15106v1.pdf (Page 0); 2605.15106v1.pdf (Page 1); 2605.15114v1.pdf (Page 7)","The resulting system is a general framework for implementing a wide range of learning and certification protocols in the device-independent setting, thereby opening a scalable route to device-independent quantum information processing in large-scale quantum networks.
Source: 2605.15114v1.pdf (Page 20); 2605.15106v1.pdf (Page 0); 2605.15106v1.pdf (Page 1); 2605.15114v1.pdf (Page 7)","The underlying theory is that quantum devices are capable of detecting and detecting the state of matter, and that the state of matter is a parameter that can be used to determine the state of matter. This is a general framework for implementing a wide range of learning and certification protocols in the device-independent setting, thereby opening a scalable route to device-independent quantum information processing in large-scale quantum networks.
Source: 2605.15114v1.pdf (Page 20); 2605.15106v1.pdf (Page 0); 2605.15106v1.pdf (Page 1); 2605.15114v1.pdf (Page 7)","The underlying theory is that quantum devices are capable of detecting and detecting the state of matter, and that the state of matter is a parameter that can be used to determine the state of matter. This is a general framework for implementing a wide range of learning and certification protocols in the device-independent setting, thereby opening a scalable route to device-independent quantum information processing in large-scale quantum networks.
Source: 2605.15114v1.pdf (Page 20); 2605.15106v1.pdf (Page 0); 2605.15106v1.pdf (Page 1); 2605.15114v1.pdf (Page 7)"
2026-05-29T07:04:02.257550,What is Quantum Support Vector Machine?,google/flan-t5-base,2605.15098v1.pdf; 2605.15098v1.pdf; 2605.15098v1.pdf; 2605.15098v1.pdf; 2605.15098v1.pdf; 2605.15098v1.pdf; 2605.15098v1.pdf; 2605.15098v1.pdf; 2605.15098v1.pdf; 2605.15098v1.pdf,2605.15098v1.pdf p.0 faiss=1.1156 reranker=-0.6231; 2605.15098v1.pdf p.1 faiss=1.1887 reranker=-0.7250; 2605.15098v1.pdf p.1 faiss=1.2025 reranker=-2.0795; 2605.15098v1.pdf p.5 faiss=1.2365 reranker=-2.3862; 2605.15098v1.pdf p.0 faiss=1.1769 reranker=-2.4249; 2605.15098v1.pdf p.0 faiss=1.3409 reranker=-2.8071; 2605.15098v1.pdf p.1 faiss=1.3019 reranker=-3.0246; 2605.15098v1.pdf p.0 faiss=1.1770 reranker=-3.2703; 2605.15098v1.pdf p.8 faiss=1.2670 reranker=-3.9099; 2605.15098v1.pdf p.1 faiss=1.0953 reranker=-3.9982,55.5283,8348,,"The qHiPSTER framework introduced a distributed memory formulation for applying quantum gates based on MPI, allowing the complete state vector to be partitioned across computing nodes, with communication patterns opti- mized to support generic one- and two-qubit gates at scale.
Source: 2605.15098v1.pdf (Page 0); 2605.15098v1.pdf (Page 1); 2605.15098v1.pdf (Page 5); 2605.15098v1.pdf (Page 8)","The qHiPSTER framework introduced a distributed memory formulation for applying quantum gates based on MPI, allowing the complete state vector to be partitioned across computing nodes, with communication patterns opti- mized to support generic one- and two-qubit gates at scale.
Source: 2605.15098v1.pdf (Page 0); 2605.15098v1.pdf (Page 1); 2605.15098v1.pdf (Page 5); 2605.15098v1.pdf (Page 8)","Quantum simulation is dominated by linear algebra operations, primarily structured matrix-vector multiplications. These operations exhibit a high degree of data parallelism, which makes them suitable for multithreaded and GPU exe- cution. Furthermore, the regular structure of the quantum gates allows the matrix operations to be implemented implicitly, avoiding the explicit construction of large matrices [5]. Also, the method requires limited CPU-GPU communication, with the CPU mainly responsible for kernel dispatch. Most high-performance quantum simulators target data- center GPUs with high memory bandwidth, large core counts, and fast interconnects such as NVLink, enabling multi-GPU simulations of larger systems [6]. But this infrastructure is ex- ---
Source: 2605.15098v1.pdf (Page 0); 2605.15098v1.pdf (Page 1); 2605.15098v1.pdf (Page 5); 2605.15098v1.pdf (Page 8)","Quantum simulation is dominated by linear algebra operations, primarily structured matrix-vector multiplications. These operations exhibit a high degree of data parallelism, which makes them suitable for multithreaded and GPU exe- cution. Furthermore, the regular structure of the quantum gates allows the matrix operations to be implemented implicitly, avoiding the explicit construction of large matrices [5]. Also, the method requires limited CPU-GPU communication, with the CPU mainly responsible for kernel dispatch. Most high-performance quantum simulators target data- center GPUs with high memory bandwidth, large core counts, and fast interconnects such as NVLink, enabling multi-GPU simulations of larger systems [6]. But this infrastructure is ex- ---
Source: 2605.15098v1.pdf (Page 0); 2605.15098v1.pdf (Page 1); 2605.15098v1.pdf (Page 5); 2605.15098v1.pdf (Page 8)"
2026-05-31T13:48:59.365190,what is quantum computing?,google/flan-t5-base,2006.02336v3.pdf; 1408.7005v1.pdf; 2408.10265v3.pdf; 2408.10265v3.pdf; 2101.11020v2.pdf; 1408.7005v1.pdf; 1408.7005v1.pdf; 2101.11020v2.pdf; 2010.05863v1.pdf; 2602.11092v2.pdf,2006.02336v3.pdf p.1 title=Variational Quantum Singular Value Decomposition faiss=0.6605 semantic=0.8302 keyword=1.0000 title_boost=0.0600 retrieval=0.9412 reranker=4.5216; 1408.7005v1.pdf p.7 title=The quest for a Quantum Neural Network faiss=0.6775 semantic=0.8388 keyword=1.0000 title_boost=0.0600 retrieval=0.9471 reranker=3.9717; 2408.10265v3.pdf p.1 title=Distributed and Secure Kernel-Based Quantum Machine Learning faiss=0.6848 semantic=0.8424 keyword=1.0000 title_boost=0.0600 retrieval=0.9497 reranker=3.4850; 2408.10265v3.pdf p.1 title=Distributed and Secure Kernel-Based Quantum Machine Learning faiss=0.6737 semantic=0.8369 keyword=1.0000 title_boost=0.0600 retrieval=0.9458 reranker=3.4326; 2101.11020v2.pdf p.2 title=Supervised quantum machine learning models are kernel methods faiss=0.6514 semantic=0.8257 keyword=1.0000 title_boost=0.0600 retrieval=0.9380 reranker=3.2752; 1408.7005v1.pdf p.6 title=The quest for a Quantum Neural Network faiss=0.6737 semantic=0.8368 keyword=1.0000 title_boost=0.0600 retrieval=0.9458 reranker=3.2642; 1408.7005v1.pdf p.1 title=The quest for a Quantum Neural Network faiss=0.6811 semantic=0.8406 keyword=1.0000 title_boost=0.0600 retrieval=0.9484 reranker=2.9481; 2101.11020v2.pdf p.2 title=Supervised quantum machine learning models are kernel methods faiss=0.6539 semantic=0.8269 keyword=1.0000 title_boost=0.0600 retrieval=0.9389 reranker=2.6887; 2010.05863v1.pdf p.7 title=Using the Parameterized Quantum Circuit combined with Variational-Quantum-Eigensolver (VQE) to create an Intelligent social workers' schedule problem solver faiss=0.6791 semantic=0.8396 keyword=1.0000 title_boost=0.0600 retrieval=0.9477 reranker=2.4224; 2602.11092v2.pdf p.1 title=MerLin: A Discovery Engine for Photonic and Hybrid Quantum Machine Learning faiss=0.6483 semantic=0.8241 keyword=1.0000 title_boost=0.0600 retrieval=0.9369 reranker=2.2066,40.7183,14246,,"Variational Quantum Singular Value Decomposition (SVD) is a method for decomposing a square matrixM to U DV with diagonal matrix D = diag(d1,, dr) and unitaries U and V, where r denotes the rank of matrix M.
Source: 2006.02336v3.pdf (Page 1); 1408.7005v1.pdf (Page 7); 2408.10265v3.pdf (Page 1); 2101.11020v2.pdf (Page 2)","Variational Quantum Singular Value Decomposition (SVD) is a method for decomposing a square matrixM to U DV with diagonal matrix D = diag(d1, dr) and unitaries U and V, where r denotes the rank of matrix M.
Source: 2006.02336v3.pdf (Page 1); 1408.7005v1.pdf (Page 7); 2408.10265v3.pdf (Page 1); 2101.11020v2.pdf (Page 2)","0.0600; Retrieval score: 0.9412; Reranker score: 4.5216
Source: 2006.02336v3.pdf (Page 1); 1408.7005v1.pdf (Page 7); 2408.10265v3.pdf (Page 1); 2101.11020v2.pdf (Page 2)","Variational Quantum Singular Value Decomposition (SVD) is a method for decomposing a square matrixM to U DV with diagonal matrix D = diag(d1, dr) and unitaries U and V, where r denotes the rank of matrix M.
Source: 2006.02336v3.pdf (Page 1); 1408.7005v1.pdf (Page 7); 2408.10265v3.pdf (Page 1); 2101.11020v2.pdf (Page 2)"
2026-06-16T05:42:30.279015,explain quantum machine learning,google/flan-t5-base,2101.11020v2.pdf; 2101.11020v2.pdf; 2101.11020v2.pdf; 2101.11020v2.pdf; 2101.11020v2.pdf; 2101.11020v2.pdf; 2409.07626v2.pdf; 2101.11020v2.pdf; 2409.07626v2.pdf; 2101.11020v2.pdf,2101.11020v2.pdf p.1 title=Supervised quantum machine learning models are kernel methods faiss=0.7597 semantic=0.8799 keyword=0.7500 title_boost=0.0900 retrieval=0.9309 reranker=6.5602; 2101.11020v2.pdf p.2 title=Supervised quantum machine learning models are kernel methods faiss=0.7801 semantic=0.8901 keyword=0.7500 title_boost=0.0900 retrieval=0.9380 reranker=6.4987; 2101.11020v2.pdf p.2 title=Supervised quantum machine learning models are kernel methods faiss=0.7709 semantic=0.8854 keyword=1.0000 title_boost=0.0900 retrieval=1.0098 reranker=6.2300; 2101.11020v2.pdf p.1 title=Supervised quantum machine learning models are kernel methods faiss=0.7661 semantic=0.8830 keyword=0.7500 title_boost=0.0900 retrieval=0.9331 reranker=5.8424; 2101.11020v2.pdf p.2 title=Supervised quantum machine learning models are kernel methods faiss=0.7619 semantic=0.8810 keyword=0.7500 title_boost=0.0900 retrieval=0.9317 reranker=5.5862; 2101.11020v2.pdf p.22 title=Supervised quantum machine learning models are kernel methods faiss=0.7727 semantic=0.8864 keyword=0.7500 title_boost=0.0900 retrieval=0.9355 reranker=5.0386; 2409.07626v2.pdf p.27 title=Generalization Error Bound for Quantum Machine Learning in NISQ Era -- A Survey faiss=0.7598 semantic=0.8799 keyword=0.7500 title_boost=0.0900 retrieval=0.9309 reranker=4.7909; 2101.11020v2.pdf p.5 title=Supervised quantum machine learning models are kernel methods faiss=0.7549 semantic=0.8775 keyword=0.7500 title_boost=0.0900 retrieval=0.9292 reranker=4.3357; 2409.07626v2.pdf p.1 title=Generalization Error Bound for Quantum Machine Learning in NISQ Era -- A Survey faiss=0.7791 semantic=0.8896 keyword=0.7500 title_boost=0.0900 retrieval=0.9377 reranker=3.7880; 2101.11020v2.pdf p.16 title=Supervised quantum machine learning models are kernel methods faiss=0.7620 semantic=0.8810 keyword=0.7500 title_boost=0.0900 retrieval=0.9317 reranker=3.7451,25.2664,13833,,"Supervised quantum machine learning models are kernel methods FAISS score: 0.7801; Semantic score: 0.8901; Keyword score: 0.7500; Title boost: 0.0900; Retrieval score: 0.9309; Reranker score: 6.5602
Source: 2101.11020v2.pdf (Page 1); 2101.11020v2.pdf (Page 2); 2101.11020v2.pdf (Page 22); 2409.07626v2.pdf (Page 27)","The following is the final version of the FAISS score: 0.7801; Semantic score: 0.8901; Keyword score: 0.7500; Retrieval score: 0.9309; Reranker score: 6.5602
Source: 2101.11020v2.pdf (Page 1); 2101.11020v2.pdf (Page 2); 2101.11020v2.pdf (Page 22); 2409.07626v2.pdf (Page 27)","quantum machine learning model.
Source: 2101.11020v2.pdf (Page 1); 2101.11020v2.pdf (Page 2); 2101.11020v2.pdf (Page 22); 2409.07626v2.pdf (Page 27)","The following is the final version of the FAISS score: 0.7801; Semantic score: 0.8901; Keyword score: 0.7500; Retrieval score: 0.9309; Reranker score: 6.5602
Source: 2101.11020v2.pdf (Page 1); 2101.11020v2.pdf (Page 2); 2101.11020v2.pdf (Page 22); 2409.07626v2.pdf (Page 27)"
